{"assets/icons/DeenShield(512 x 512 px).png":["assets/icons/DeenShield(512 x 512 px).png"],"assets/icons/DeenShield_icon.jpg":["assets/icons/DeenShield_icon.jpg"],"assets/icons/Deenshield_background.png":["assets/icons/Deenshield_background.png"],"assets/icons/Deenshield_foreground_transparent_bg.png":["assets/icons/Deenshield_foreground_transparent_bg.png"],"assets/icons/app_icon.ico":["assets/icons/app_icon.ico"],"assets/images/DeenShield-Frame Banner.png":["assets/images/DeenShield-Frame Banner.png"],"assets/images/Feature-Graphic.png":["assets/images/Feature-Graphic.png"],"packages/cupertino_icons/assets/CupertinoIcons.ttf":["packages/cupertino_icons/assets/CupertinoIcons.ttf"],"packages/window_manager/images/ic_chrome_close.png":["packages/window_manager/images/ic_chrome_close.png"],"packages/window_manager/images/ic_chrome_maximize.png":["packages/window_manager/images/ic_chrome_maximize.png"],"packages/window_manager/images/ic_chrome_minimize.png":["packages/window_manager/images/ic_chrome_minimize.png"],"packages/window_manager/images/ic_chrome_unmaximize.png":["packages/window_manager/images/ic_chrome_unmaximize.png"]}