[
  { "id": 1, "priority": 1, "action": { "type": "redirect", "redirect": { "extensionPath": "/block.html" } }, "condition": { "urlFilter": "*adult*", "resourceTypes": ["main_frame"] } },
  { "id": 2, "priority": 1, "action": { "type": "redirect", "redirect": { "extensionPath": "/block.html" } }, "condition": { "urlFilter": "*porn*", "resourceTypes": ["main_frame"] } },
  { "id": 3, "priority": 1, "action": { "type": "redirect", "redirect": { "extensionPath": "/block.html" } }, "condition": { "urlFilter": "*gambling*", "resourceTypes": ["main_frame"] } },
  { "id": 4, "priority": 1, "action": { "type": "redirect", "redirect": { "extensionPath": "/block.html" } }, "condition": { "urlFilter": "*casino*", "resourceTypes": ["main_frame"] } },
  { "id": 5, "priority": 1, "action": { "type": "redirect", "redirect": { "extensionPath": "/block.html" } }, "condition": { "urlFilter": "*betting*", "resourceTypes": ["main_frame"] } },

  { "id": 101, "priority": 1, "action": { "type": "block" }, "condition": { "urlFilter": "*adult*", "resourceTypes": ["sub_frame"] } },
  { "id": 102, "priority": 1, "action": { "type": "block" }, "condition": { "urlFilter": "*porn*", "resourceTypes": ["sub_frame"] } },
  { "id": 103, "priority": 1, "action": { "type": "block" }, "condition": { "urlFilter": "*gambling*", "resourceTypes": ["sub_frame"] } },
  { "id": 104, "priority": 1, "action": { "type": "block" }, "condition": { "urlFilter": "*casino*", "resourceTypes": ["sub_frame"] } },
  { "id": 105, "priority": 1, "action": { "type": "block" }, "condition": { "urlFilter": "*betting*", "resourceTypes": ["sub_frame"] } },

  { "id": 201, "priority": 1, "action": { "type": "redirect", "redirect": { "extensionPath": "/block.html" } }, "condition": { "urlFilter": "*pornhub*", "resourceTypes": ["main_frame"] } },
  { "id": 202, "priority": 1, "action": { "type": "redirect", "redirect": { "extensionPath": "/block.html" } }, "condition": { "urlFilter": "*xvideos*", "resourceTypes": ["main_frame"] } },
  { "id": 203, "priority": 1, "action": { "type": "redirect", "redirect": { "extensionPath": "/block.html" } }, "condition": { "urlFilter": "*xhamster*", "resourceTypes": ["main_frame"] } },
  { "id": 204, "priority": 1, "action": { "type": "redirect", "redirect": { "extensionPath": "/block.html" } }, "condition": { "urlFilter": "*xnxx*", "resourceTypes": ["main_frame"] } },
  { "id": 205, "priority": 1, "action": { "type": "redirect", "redirect": { "extensionPath": "/block.html" } }, "condition": { "urlFilter": "*redtube*", "resourceTypes": ["main_frame"] } },
  { "id": 206, "priority": 1, "action": { "type": "redirect", "redirect": { "extensionPath": "/block.html" } }, "condition": { "urlFilter": "*youporn*", "resourceTypes": ["main_frame"] } },
  { "id": 207, "priority": 1, "action": { "type": "redirect", "redirect": { "extensionPath": "/block.html" } }, "condition": { "urlFilter": "*brazzers*", "resourceTypes": ["main_frame"] } },
  { "id": 208, "priority": 1, "action": { "type": "redirect", "redirect": { "extensionPath": "/block.html" } }, "condition": { "urlFilter": "*bangbros*", "resourceTypes": ["main_frame"] } },
  { "id": 209, "priority": 1, "action": { "type": "redirect", "redirect": { "extensionPath": "/block.html" } }, "condition": { "urlFilter": "*spankbang*", "resourceTypes": ["main_frame"] } },
  { "id": 210, "priority": 1, "action": { "type": "redirect", "redirect": { "extensionPath": "/block.html" } }, "condition": { "urlFilter": "*onlyfans*", "resourceTypes": ["main_frame"] } },
  { "id": 211, "priority": 1, "action": { "type": "redirect", "redirect": { "extensionPath": "/block.html" } }, "condition": { "urlFilter": "*chaturbate*", "resourceTypes": ["main_frame"] } },
  { "id": 212, "priority": 1, "action": { "type": "redirect", "redirect": { "extensionPath": "/block.html" } }, "condition": { "urlFilter": "*cam4*", "resourceTypes": ["main_frame"] } },
  { "id": 213, "priority": 1, "action": { "type": "redirect", "redirect": { "extensionPath": "/block.html" } }, "condition": { "urlFilter": "*bongacams*", "resourceTypes": ["main_frame"] } },
  { "id": 214, "priority": 1, "action": { "type": "redirect", "redirect": { "extensionPath": "/block.html" } }, "condition": { "urlFilter": "*nudestars*", "resourceTypes": ["main_frame"] } },
  { "id": 215, "priority": 1, "action": { "type": "redirect", "redirect": { "extensionPath": "/block.html" } }, "condition": { "urlFilter": "*adultfriendfinder*", "resourceTypes": ["main_frame"] } },
    { "id": 216, "priority": 1, "action": { "type": "redirect", "redirect": { "extensionPath": "/block.html" } }, "condition": { "urlFilter": "*porn.com*", "resourceTypes": ["main_frame"] } },
    { "id": 217, "priority": 1, "action": { "type": "redirect", "redirect": { "extensionPath": "/block.html" } }, "condition": { "urlFilter": "*sex.com*", "resourceTypes": ["main_frame"] } },

  { "id": 301, "priority": 1, "action": { "type": "block" }, "condition": { "urlFilter": "*pornhub*", "resourceTypes": ["sub_frame"] } },
  { "id": 302, "priority": 1, "action": { "type": "block" }, "condition": { "urlFilter": "*xvideos*", "resourceTypes": ["sub_frame"] } },
  { "id": 303, "priority": 1, "action": { "type": "block" }, "condition": { "urlFilter": "*xhamster*", "resourceTypes": ["sub_frame"] } },
  { "id": 304, "priority": 1, "action": { "type": "block" }, "condition": { "urlFilter": "*xnxx*", "resourceTypes": ["sub_frame"] } },
  { "id": 305, "priority": 1, "action": { "type": "block" }, "condition": { "urlFilter": "*redtube*", "resourceTypes": ["sub_frame"] } },
  { "id": 306, "priority": 1, "action": { "type": "block" }, "condition": { "urlFilter": "*youporn*", "resourceTypes": ["sub_frame"] } },
  { "id": 307, "priority": 1, "action": { "type": "block" }, "condition": { "urlFilter": "*brazzers*", "resourceTypes": ["sub_frame"] } },
  { "id": 308, "priority": 1, "action": { "type": "block" }, "condition": { "urlFilter": "*bangbros*", "resourceTypes": ["sub_frame"] } },
  { "id": 309, "priority": 1, "action": { "type": "block" }, "condition": { "urlFilter": "*spankbang*", "resourceTypes": ["sub_frame"] } },
  { "id": 310, "priority": 1, "action": { "type": "block" }, "condition": { "urlFilter": "*onlyfans*", "resourceTypes": ["sub_frame"] } },
  { "id": 311, "priority": 1, "action": { "type": "block" }, "condition": { "urlFilter": "*chaturbate*", "resourceTypes": ["sub_frame"] } },
  { "id": 312, "priority": 1, "action": { "type": "block" }, "condition": { "urlFilter": "*cam4*", "resourceTypes": ["sub_frame"] } },
  { "id": 313, "priority": 1, "action": { "type": "block" }, "condition": { "urlFilter": "*bongacams*", "resourceTypes": ["sub_frame"] } },
  { "id": 314, "priority": 1, "action": { "type": "block" }, "condition": { "urlFilter": "*nudestars*", "resourceTypes": ["sub_frame"] } },
  { "id": 315, "priority": 1, "action": { "type": "block" }, "condition": { "urlFilter": "*adultfriendfinder*", "resourceTypes": ["sub_frame"] } },
  { "id": 316, "priority": 1, "action": { "type": "block" }, "condition": { "urlFilter": "*porn.com*", "resourceTypes": ["sub_frame"] } },
  { "id": 317, "priority": 1, "action": { "type": "block" }, "condition": { "urlFilter": "*sex.com*", "resourceTypes": ["sub_frame"] } }
]
